Name,Date,Block,Request Time
Piccolo,2025-03-21,3:00 PM - 7:00 PM,2025-03-27 22:52:33.233417
Gohan,2025-03-20,3:00 AM - 7:00 AM,2025-03-27 22:52:33.233422
Yamcha,2025-03-27,3:00 AM - 7:00 AM,2025-03-27 22:52:33.233428
Cell,2025-03-25,7:00 AM - 11:00 AM,2025-03-27 22:52:33.233434
Vegeta,2025-03-24,11:00 AM - 3:00 PM,2025-03-27 22:52:33.233437
Gohan,2025-03-21,7:00 PM - 11:00 PM,2025-03-27 22:52:33.233441
Vegeta,2025-03-23,7:00 AM - 11:00 AM,2025-03-27 22:52:33.233444
Bulma,2025-03-24,7:00 PM - 11:00 PM,2025-03-27 22:52:33.233453
Vegeta,2025-03-26,3:00 AM - 7:00 AM,2025-03-27 22:52:33.233457
Goten,2025-03-24,7:00 AM - 11:00 AM,2025-03-27 22:52:33.233460
Android 18,2025-03-21,11:00 AM - 3:00 PM,2025-03-27 22:52:33.233463
Android 18,2025-03-26,3:00 PM - 7:00 PM,2025-03-27 22:52:33.233466
Goku,2025-03-22,11:00 PM - 3:00 AM,2025-03-27 22:52:33.233469
Frieza,2025-03-23,3:00 AM - 7:00 AM,2025-03-27 22:52:33.233472
Cell,2025-03-26,7:00 PM - 11:00 PM,2025-03-27 22:52:33.233475
Yamcha,2025-03-23,7:00 PM - 11:00 PM,2025-03-27 22:52:33.233478
Goku,2025-03-24,11:00 PM - 3:00 AM,2025-03-27 22:52:33.233481
Bulma,2025-03-24,3:00 AM - 7:00 AM,2025-03-27 22:52:33.233484
Android 17,2025-03-22,11:00 PM - 3:00 AM,2025-03-27 22:52:33.233487
Goten,2025-03-23,11:00 AM - 3:00 PM,2025-03-27 22:52:33.233490
Vegeta,2025-03-23,11:00 PM - 3:00 AM,2025-03-27 22:52:33.233492
Majin Buu,2025-03-24,3:00 PM - 7:00 PM,2025-03-27 22:52:33.233495
Yamcha,2025-03-24,7:00 PM - 11:00 PM,2025-03-27 22:52:33.233498
Piccolo,2025-03-21,3:00 PM - 7:00 PM,2025-03-27 22:52:33.233501
Goten,2025-03-21,3:00 AM - 7:00 AM,2025-03-27 22:52:33.233504
Trunks,2025-03-25,11:00 AM - 3:00 PM,2025-03-27 22:52:33.233507
Bulma,2025-03-27,3:00 PM - 7:00 PM,2025-03-27 22:52:33.233510
Trunks,2025-03-27,11:00 PM - 3:00 AM,2025-03-27 22:52:33.233513
Android 17,2025-03-25,7:00 AM - 11:00 AM,2025-03-27 22:52:33.233515
Gohan,2025-03-24,7:00 PM - 11:00 PM,2025-03-27 22:52:33.233518
Yamcha,2025-03-25,3:00 AM - 7:00 AM,2025-03-27 22:52:33.233521
Gohan,2025-03-22,3:00 AM - 7:00 AM,2025-03-27 22:52:33.233524
Yamcha,2025-03-24,7:00 PM - 11:00 PM,2025-03-27 22:52:33.233526
Android 18,2025-03-27,11:00 AM - 3:00 PM,2025-03-27 22:52:33.233529
Cell,2025-03-25,11:00 AM - 3:00 PM,2025-03-27 22:52:33.233532
Goten,2025-03-25,7:00 AM - 11:00 AM,2025-03-27 22:52:33.233535
Trunks,2025-03-24,11:00 PM - 3:00 AM,2025-03-27 22:52:33.233537
Majin Buu,2025-03-21,11:00 AM - 3:00 PM,2025-03-27 22:52:33.233541
Frieza,2025-03-25,3:00 PM - 7:00 PM,2025-03-27 22:52:33.233543
Vegeta,2025-03-21,3:00 AM - 7:00 AM,2025-03-27 22:52:33.233546
Tien Shinhan,2025-03-27,7:00 PM - 11:00 PM,2025-03-27 23:18:54.441124
